Region	Model Year	Sales [veh]
1	2010	511.4419005
1	2011	280.9087218
1	2012	976.5179703
1	2013	897.6034272
1	2014	707.7669663
1	2015	102.7473529
1	2016	513.0601216
1	2017	540.7078534
1	2018	933.0893637
1	2019	80.93414431
1	2020	577.6653342
2	2010	19.41180644
2	2011	911.8588837
2	2012	967.7921532
2	2013	210.9107664
2	2014	642.3601638
2	2015	823.1388622
2	2016	562.7953417
2	2017	408.3072059
2	2018	502.5850995
2	2019	428.5485025
2	2020	518.7236813
